id;url;keyword;count;Date
1;https://www.tiobe.com;Brexit;0;2019-09-18 12:49:56;
2;http://www.sport-fm.gr;Brexit;0;2019-09-18 12:49:57;
3;https://www.cnn.gr/;Brexit;1;2019-09-18 12:49:57;
4;http://www.rizospastis.gr;Brexit;0;2019-09-18 12:49:58;
5;https://mikromeseos.gr/;Brexit;0;2019-09-18 12:49:58;
6;https://www.public.gr;Brexit;0;2019-09-18 12:49:58;
7;https://thepressproject.gr;Brexit;0;2019-09-18 12:49:58;
8;https://www.in.gr/;Brexit;0;2019-09-18 12:49:59;
9;https://www.tiobe.com;Ιράν;0;2019-09-18 13:00:22;
10;http://www.sport-fm.gr;Ιράν;0;2019-09-18 13:00:22;
11;https://www.coca-cola.gr;Ιράν;0;2019-09-18 13:00:23;
12;http://www.rizospastis.gr;Ιράν;1;2019-09-18 13:00:23;
13;https://www.kathimerini.gr;Ιράν;1;2019-09-18 13:00:23;
14;https://www.efsyn.gr;Ιράν;0;2019-09-18 13:00:24;
15;https://www.tiobe.com;novartis;0;2019-09-18 13:11:00;
16;http://www.sport-fm.gr;novartis;0;2019-09-18 13:11:00;
17;https://www.efsyn.gr;novartis;4;2019-09-18 13:11:01;
18;http://www.rizospastis.gr;novartis;0;2019-09-18 13:11:01;
19;https://www.public.gr;novartis;0;2019-09-18 13:11:01;
20;https://mikromeseos.gr/;novartis;0;2019-09-18 13:11:01;
21;https://www.ptisidiastima.com;novartis;0;2019-09-18 13:11:01;
22;https://thepressproject.gr;novartis;0;2019-09-18 13:11:01;
23;https://www.kathimerini.gr;novartis;2;2019-09-18 13:11:02;
24;https://www.cnn.gr/;novartis;2;2019-09-18 13:11:02;
25;https://www.ethnos.gr;novartis;19;2019-09-18 13:11:02;
26;https://www.dimokratianews.gr;novartis;1;2019-09-18 13:11:02;
27;https://www.dummies.com;novartis;0;2019-09-18 13:11:03;
28;https://www.in.gr/;novartis;5;2019-09-18 13:11:03;
29;https://www.coca-cola.gr;novartis;0;2019-09-18 13:11:03;
30;https://www.public.gr;Brexit;0;2019-09-18 13:11:28;
31;https://www.ethnos.gr;Brexit;0;2019-09-18 13:11:28;
32;https://www.cnn.gr/;Brexit;1;2019-09-18 13:11:29;
33;https://www.tiobe.com;Brexit;0;2019-09-18 13:11:29;
34;https://www.kathimerini.gr;Brexit;3;2019-09-18 13:11:29;
35;https://www.tiobe.com;Brexit;0;2019-09-18 13:23:50;
36;http://www.sport-fm.gr;Brexit;0;2019-09-18 13:23:50;
37;https://www.coca-cola.gr;Brexit;0;2019-09-18 13:23:51;
38;https://www.ethnos.gr;Brexit;0;2019-09-18 13:23:51;
39;https://www.cnn.gr/;Brexit;1;2019-09-18 13:23:51;
40;https://www.dummies.com;Brexit;0;2019-09-18 13:23:52;
41;https://www.public.gr;Brexit;0;2019-09-18 13:23:52;
42;https://www.dimokratianews.gr;Brexit;0;2019-09-18 13:23:52;
43;http://www.rizospastis.gr;Brexit;0;2019-09-18 13:23:52;
44;https://www.efsyn.gr;Brexit;5;2019-09-18 13:23:52;
45;https://www.kathimerini.gr;Brexit;3;2019-09-18 13:23:53;
46;https://thepressproject.gr;Brexit;0;2019-09-18 13:23:54;
47;https://www.ptisidiastima.com;Brexit;0;2019-09-18 13:23:54;
48;https://www.in.gr/;Brexit;5;2019-09-18 13:23:54;
49;https://mikromeseos.gr/;Brexit;0;2019-09-18 13:23:55;
50;https://www.efsyn.gr;Brexit;5;2019-09-18 13:27:51;
51;https://www.tiobe.com;Brexit;0;2019-09-18 13:27:52;
52;https://www.ethnos.gr;Brexit;0;2019-09-18 13:27:52;
53;https://www.coca-cola.gr;Brexit;0;2019-09-18 13:27:52;
54;https://www.kathimerini.gr;Brexit;3;2019-09-18 13:27:52;
55;https://www.cnn.gr/;Brexit;1;2019-09-18 13:27:53;
56;https://www.dimokratianews.gr;Brexit;0;2019-09-18 13:27:53;
57;http://www.sport-fm.gr;Brexit;0;2019-09-18 13:27:53;
58;https://www.public.gr;Brexit;0;2019-09-18 13:27:53;
59;https://www.ptisidiastima.com;Brexit;0;2019-09-18 13:27:54;
60;https://www.in.gr/;Brexit;5;2019-09-18 13:27:54;
61;http://www.rizospastis.gr;Brexit;0;2019-09-18 13:27:54;
62;https://www.dummies.com;Brexit;0;2019-09-18 13:27:54;
63;https://thepressproject.gr;Brexit;0;2019-09-18 13:27:54;
64;https://mikromeseos.gr/;Brexit;0;2019-09-18 13:27:55;
65;https://www.tiobe.com;Brexit;0;2019-09-18 13:56:54;
66;http://www.sport-fm.gr;Brexit;1;2019-09-18 13:56:55;
67;https://www.efsyn.gr;Brexit;5;2019-09-18 13:56:55;
68;http://www.rizospastis.gr;Brexit;0;2019-09-18 13:56:57;
69;https://www.ethnos.gr;Brexit;0;2019-09-18 13:56:57;
70;https://www.public.gr;Brexit;0;2019-09-18 13:56:57;
71;https://www.cnn.gr/;Brexit;1;2019-09-18 13:56:57;
72;https://www.ptisidiastima.com;Brexit;0;2019-09-18 13:56:57;
73;https://www.in.gr/;Brexit;4;2019-09-18 13:56:57;
74;https://www.dummies.com;Brexit;0;2019-09-18 13:56:58;
75;https://www.coca-cola.gr;Brexit;0;2019-09-18 13:56:58;
76;https://www.kathimerini.gr;Brexit;3;2019-09-18 13:56:58;
77;https://mikromeseos.gr/;Brexit;0;2019-09-18 13:56:59;
78;https://thepressproject.gr;Brexit;0;2019-09-18 13:56:59;
79;https://www.dimokratianews.gr;Brexit;0;2019-09-18 13:56:59;
80;https://www.tiobe.com;Brexit;0;2019-09-18 14:15:30;
81;http://www.sport-fm.gr;Brexit;1;2019-09-18 14:15:30;
82;http://www.rizospastis.gr;Brexit;1;2019-09-18 14:15:31;
83;https://www.efsyn.gr;Brexit;3;2019-09-18 14:15:31;
84;https://www.cnn.gr/;Brexit;1;2019-09-18 14:15:32;
85;https://www.public.gr;Brexit;0;2019-09-18 14:15:32;
86;https://www.kathimerini.gr;Brexit;3;2019-09-18 14:15:33;
87;https://www.ethnos.gr;Brexit;0;2019-09-18 14:15:33;
88;https://mikromeseos.gr/;Brexit;0;2019-09-18 14:15:33;
89;https://www.in.gr/;Brexit;4;2019-09-18 14:15:33;
90;https://www.ptisidiastima.com;Brexit;0;2019-09-18 14:15:34;
91;https://thepressproject.gr;Brexit;0;2019-09-18 14:15:34;
92;https://www.coca-cola.gr;Brexit;0;2019-09-18 14:15:34;
93;https://www.dummies.com;Brexit;0;2019-09-18 14:15:34;
94;https://www.dimokratianews.gr;Brexit;0;2019-09-18 14:15:34;
95;https://www.tiobe.com;Τσίπρας;0;2019-09-18 23:07:03;
96;http://www.sport-fm.gr;Τσίπρας;0;2019-09-18 23:07:03;
97;https://mikromeseos.gr/;Τσίπρας;0;2019-09-18 23:07:04;
98;https://www.coca-cola.gr;Τσίπρας;0;2019-09-18 23:07:05;
99;https://www.efsyn.gr;Τσίπρας;2;2019-09-18 23:07:05;
100;https://www.cnn.gr/;Τσίπρας;1;2019-09-18 23:07:05;
101;https://www.ethnos.gr;Τσίπρας;0;2019-09-18 23:07:05;
102;https://www.public.gr;Τσίπρας;0;2019-09-18 23:07:05;
103;https://www.ptisidiastima.com;Τσίπρας;0;2019-09-18 23:07:05;
104;https://www.kathimerini.gr;Τσίπρας;0;2019-09-18 23:07:06;
105;https://www.dummies.com;Τσίπρας;0;2019-09-18 23:07:06;
106;https://www.in.gr/;Τσίπρας;1;2019-09-18 23:07:06;
107;https://thepressproject.gr;Τσίπρας;0;2019-09-18 23:07:06;
108;https://www.dimokratianews.gr;Τσίπρας;0;2019-09-18 23:07:06;
109;http://www.rizospastis.gr;Τσίπρας;0;2019-09-18 23:07:06;
110;https://www.tiobe.com;Παπαδημητρίου;0;2019-09-20 00:05:18;
111;http://www.sport-fm.gr;Παπαδημητρίου;1;2019-09-20 00:05:19;
112;http://www.rizospastis.gr;Παπαδημητρίου;0;2019-09-20 00:05:21;
113;https://www.efsyn.gr;Παπαδημητρίου;0;2019-09-20 00:05:21;
114;https://www.ethnos.gr;Παπαδημητρίου;4;2019-09-20 00:05:22;
115;https://www.ptisidiastima.com;Παπαδημητρίου;0;2019-09-20 00:05:22;
116;https://www.kathimerini.gr;Παπαδημητρίου;0;2019-09-20 00:05:22;
117;https://www.dimokratianews.gr;Παπαδημητρίου;0;2019-09-20 00:05:22;
118;https://www.cnn.gr/;Παπαδημητρίου;0;2019-09-20 00:05:22;
119;https://www.public.gr;Παπαδημητρίου;0;2019-09-20 00:05:23;
120;https://thepressproject.gr;Παπαδημητρίου;0;2019-09-20 00:05:23;
121;https://www.dummies.com;Παπαδημητρίου;0;2019-09-20 00:05:23;
122;https://www.in.gr/;Παπαδημητρίου;3;2019-09-20 00:05:23;
123;https://mikromeseos.gr/;Παπαδημητρίου;0;2019-09-20 00:05:23;
124;https://www.coca-cola.gr;Παπαδημητρίου;0;2019-09-20 00:05:23;
125;https://www.tiobe.com;VAR;0;2019-09-20 00:18:08;
126;https://www.tiobe.com;novartis;0;2019-09-20 00:18:09;
127;https://www.tiobe.com;ΣΥΡΙΖΑ;0;2019-09-20 00:18:09;
128;https://www.tiobe.com;ΗΠΑ;0;2019-09-20 00:18:10;
129;https://www.tiobe.com;Λοβέρδος;0;2019-09-20 00:18:10;
130;https://www.tiobe.com;Γεννηματά;0;2019-09-20 00:18:10;
131;http://www.sport-fm.gr;VAR;4;2019-09-20 00:18:10;
132;http://www.sport-fm.gr;novartis;2;2019-09-20 00:18:10;
133;http://www.sport-fm.gr;ΣΥΡΙΖΑ;0;2019-09-20 00:18:10;
134;http://www.sport-fm.gr;ΗΠΑ;0;2019-09-20 00:18:10;
135;http://www.sport-fm.gr;Λοβέρδος;0;2019-09-20 00:18:11;
136;http://www.sport-fm.gr;Γεννηματά;0;2019-09-20 00:18:11;
137;https://www.ethnos.gr;VAR;4;2019-09-20 00:18:11;
138;https://www.ethnos.gr;novartis;4;2019-09-20 00:18:11;
139;https://www.ethnos.gr;ΣΥΡΙΖΑ;7;2019-09-20 00:18:11;
140;https://www.ethnos.gr;ΗΠΑ;1;2019-09-20 00:18:12;
141;https://www.ethnos.gr;Λοβέρδος;0;2019-09-20 00:18:12;
142;https://www.ethnos.gr;Γεννηματά;0;2019-09-20 00:18:12;
143;https://www.coca-cola.gr;VAR;0;2019-09-20 00:18:12;
144;https://www.coca-cola.gr;novartis;0;2019-09-20 00:18:12;
145;https://www.coca-cola.gr;ΣΥΡΙΖΑ;0;2019-09-20 00:18:13;
146;https://www.coca-cola.gr;ΗΠΑ;0;2019-09-20 00:18:13;
147;https://www.coca-cola.gr;Λοβέρδος;0;2019-09-20 00:18:13;
148;https://www.coca-cola.gr;Γεννηματά;0;2019-09-20 00:18:13;
149;https://www.dummies.com;VAR;0;2019-09-20 00:18:13;
150;https://www.dummies.com;novartis;0;2019-09-20 00:18:13;
151;https://www.dummies.com;ΣΥΡΙΖΑ;0;2019-09-20 00:18:14;
152;https://www.dummies.com;ΗΠΑ;0;2019-09-20 00:18:14;
153;https://www.dummies.com;Λοβέρδος;0;2019-09-20 00:18:14;
154;https://www.dummies.com;Γεννηματά;0;2019-09-20 00:18:14;
155;https://www.kathimerini.gr;VAR;4;2019-09-20 00:18:14;
156;https://www.kathimerini.gr;novartis;4;2019-09-20 00:18:14;
157;https://www.kathimerini.gr;ΣΥΡΙΖΑ;2;2019-09-20 00:18:14;
158;https://www.kathimerini.gr;ΗΠΑ;7;2019-09-20 00:18:14;
159;https://www.kathimerini.gr;Λοβέρδος;0;2019-09-20 00:18:15;
160;https://www.kathimerini.gr;Γεννηματά;0;2019-09-20 00:18:15;
161;http://www.rizospastis.gr;VAR;0;2019-09-20 00:18:15;
162;http://www.rizospastis.gr;novartis;0;2019-09-20 00:18:15;
163;http://www.rizospastis.gr;ΣΥΡΙΖΑ;2;2019-09-20 00:18:15;
164;http://www.rizospastis.gr;ΗΠΑ;3;2019-09-20 00:18:15;
165;http://www.rizospastis.gr;Λοβέρδος;0;2019-09-20 00:18:15;
166;http://www.rizospastis.gr;Γεννηματά;0;2019-09-20 00:18:15;
167;https://www.public.gr;VAR;0;2019-09-20 00:18:15;
168;https://www.public.gr;novartis;0;2019-09-20 00:18:16;
169;https://www.public.gr;ΣΥΡΙΖΑ;0;2019-09-20 00:18:16;
170;https://www.public.gr;ΗΠΑ;0;2019-09-20 00:18:16;
171;https://www.public.gr;Λοβέρδος;0;2019-09-20 00:18:16;
172;https://www.public.gr;Γεννηματά;0;2019-09-20 00:18:16;
173;https://mikromeseos.gr/;VAR;0;2019-09-20 00:18:16;
174;https://mikromeseos.gr/;novartis;0;2019-09-20 00:18:16;
175;https://mikromeseos.gr/;ΣΥΡΙΖΑ;0;2019-09-20 00:18:16;
176;https://mikromeseos.gr/;ΗΠΑ;0;2019-09-20 00:18:16;
177;https://mikromeseos.gr/;Λοβέρδος;0;2019-09-20 00:18:17;
178;https://mikromeseos.gr/;Γεννηματά;0;2019-09-20 00:18:17;
179;https://www.ptisidiastima.com;VAR;0;2019-09-20 00:18:17;
180;https://www.ptisidiastima.com;novartis;0;2019-09-20 00:18:17;
181;https://www.ptisidiastima.com;ΣΥΡΙΖΑ;0;2019-09-20 00:18:17;
182;https://www.ptisidiastima.com;ΗΠΑ;15;2019-09-20 00:18:17;
183;https://www.ptisidiastima.com;Λοβέρδος;0;2019-09-20 00:18:17;
184;https://www.ptisidiastima.com;Γεννηματά;0;2019-09-20 00:18:18;
185;https://www.dimokratianews.gr;VAR;1;2019-09-20 00:18:18;
186;https://www.dimokratianews.gr;novartis;1;2019-09-20 00:18:18;
187;https://www.dimokratianews.gr;ΣΥΡΙΖΑ;0;2019-09-20 00:18:18;
188;https://www.dimokratianews.gr;ΗΠΑ;0;2019-09-20 00:18:18;
189;https://www.dimokratianews.gr;Λοβέρδος;1;2019-09-20 00:18:18;
190;https://www.dimokratianews.gr;Γεννηματά;0;2019-09-20 00:18:18;
191;https://www.efsyn.gr;VAR;10;2019-09-20 00:18:19;
192;https://www.efsyn.gr;novartis;7;2019-09-20 00:18:19;
193;https://www.efsyn.gr;ΣΥΡΙΖΑ;8;2019-09-20 00:18:20;
194;https://www.efsyn.gr;ΗΠΑ;5;2019-09-20 00:18:20;
195;https://www.efsyn.gr;Λοβέρδος;0;2019-09-20 00:18:20;
196;https://www.efsyn.gr;Γεννηματά;3;2019-09-20 00:18:20;
197;https://www.in.gr/;VAR;7;2019-09-20 00:18:21;
198;https://www.in.gr/;novartis;4;2019-09-20 00:18:21;
199;https://www.in.gr/;ΣΥΡΙΖΑ;0;2019-09-20 00:18:21;
200;https://www.in.gr/;ΗΠΑ;2;2019-09-20 00:18:21;
201;https://www.in.gr/;Λοβέρδος;1;2019-09-20 00:18:21;
202;https://www.in.gr/;Γεννηματά;0;2019-09-20 00:18:22;
203;https://thepressproject.gr;VAR;0;2019-09-20 00:18:22;
204;https://thepressproject.gr;novartis;0;2019-09-20 00:18:22;
205;https://thepressproject.gr;ΣΥΡΙΖΑ;0;2019-09-20 00:18:22;
206;https://thepressproject.gr;ΗΠΑ;0;2019-09-20 00:18:22;
207;https://thepressproject.gr;Λοβέρδος;0;2019-09-20 00:18:22;
208;https://thepressproject.gr;Γεννηματά;0;2019-09-20 00:18:23;
209;https://www.cnn.gr/;VAR;4;2019-09-20 00:18:23;
210;https://www.cnn.gr/;novartis;3;2019-09-20 00:18:23;
211;https://www.cnn.gr/;ΣΥΡΙΖΑ;1;2019-09-20 00:18:24;
212;https://www.cnn.gr/;ΗΠΑ;1;2019-09-20 00:18:24;
213;https://www.cnn.gr/;Λοβέρδος;0;2019-09-20 00:18:24;
214;https://www.cnn.gr/;Γεννηματά;0;2019-09-20 00:18:24;
215;https://www.tiobe.com;VAR;0;2019-09-20 00:21:32;
216;https://www.tiobe.com;novartis;0;2019-09-20 00:21:32;
217;https://www.tiobe.com;F-16;0;2019-09-20 00:21:33;
218;https://www.tiobe.com;Mirage;0;2019-09-20 00:21:33;
219;http://www.sport-fm.gr;VAR;4;2019-09-20 00:21:33;
220;http://www.sport-fm.gr;novartis;2;2019-09-20 00:21:34;
221;http://www.sport-fm.gr;F-16;0;2019-09-20 00:21:34;
222;http://www.sport-fm.gr;Mirage;0;2019-09-20 00:21:34;
223;https://www.kathimerini.gr;VAR;4;2019-09-20 00:21:34;
224;https://www.kathimerini.gr;novartis;4;2019-09-20 00:21:35;
225;https://www.kathimerini.gr;F-16;0;2019-09-20 00:21:35;
226;https://www.kathimerini.gr;Mirage;0;2019-09-20 00:21:35;
227;https://www.public.gr;VAR;0;2019-09-20 00:21:35;
228;https://www.public.gr;novartis;0;2019-09-20 00:21:35;
229;https://www.public.gr;F-16;0;2019-09-20 00:21:35;
230;https://www.public.gr;Mirage;0;2019-09-20 00:21:36;
231;https://mikromeseos.gr/;VAR;0;2019-09-20 00:21:36;
232;https://mikromeseos.gr/;novartis;0;2019-09-20 00:21:36;
233;https://mikromeseos.gr/;F-16;0;2019-09-20 00:21:36;
234;https://mikromeseos.gr/;Mirage;0;2019-09-20 00:21:36;
235;https://www.ethnos.gr;VAR;4;2019-09-20 00:21:37;
236;https://www.ethnos.gr;novartis;4;2019-09-20 00:21:37;
237;https://www.ethnos.gr;F-16;0;2019-09-20 00:21:37;
238;https://www.ethnos.gr;Mirage;0;2019-09-20 00:21:37;
239;https://www.cnn.gr/;VAR;4;2019-09-20 00:21:37;
240;https://www.cnn.gr/;novartis;3;2019-09-20 00:21:37;
241;https://www.cnn.gr/;F-16;0;2019-09-20 00:21:37;
242;https://www.cnn.gr/;Mirage;0;2019-09-20 00:21:38;
243;https://www.in.gr/;VAR;7;2019-09-20 00:21:38;
244;https://www.in.gr/;novartis;4;2019-09-20 00:21:38;
245;https://www.in.gr/;F-16;0;2019-09-20 00:21:38;
246;https://www.in.gr/;Mirage;0;2019-09-20 00:21:38;
247;https://www.ptisidiastima.com;VAR;0;2019-09-20 00:21:38;
248;https://www.ptisidiastima.com;novartis;0;2019-09-20 00:21:38;
249;https://www.ptisidiastima.com;F-16;12;2019-09-20 00:21:38;
250;https://www.ptisidiastima.com;Mirage;7;2019-09-20 00:21:39;
251;http://www.rizospastis.gr;VAR;0;2019-09-20 00:21:39;
252;http://www.rizospastis.gr;novartis;0;2019-09-20 00:21:39;
253;http://www.rizospastis.gr;F-16;0;2019-09-20 00:21:39;
254;http://www.rizospastis.gr;Mirage;0;2019-09-20 00:21:39;
255;https://www.dummies.com;VAR;0;2019-09-20 00:21:39;
256;https://www.dummies.com;novartis;0;2019-09-20 00:21:39;
257;https://www.dummies.com;F-16;0;2019-09-20 00:21:39;
258;https://www.dummies.com;Mirage;0;2019-09-20 00:21:39;
259;https://www.efsyn.gr;VAR;10;2019-09-20 00:21:39;
260;https://www.efsyn.gr;novartis;7;2019-09-20 00:21:40;
261;https://www.efsyn.gr;F-16;0;2019-09-20 00:21:40;
262;https://www.efsyn.gr;Mirage;0;2019-09-20 00:21:40;
263;https://thepressproject.gr;VAR;0;2019-09-20 00:21:40;
264;https://thepressproject.gr;novartis;0;2019-09-20 00:21:41;
265;https://thepressproject.gr;F-16;0;2019-09-20 00:21:41;
266;https://thepressproject.gr;Mirage;0;2019-09-20 00:21:41;
267;https://www.dimokratianews.gr;VAR;1;2019-09-20 00:21:41;
268;https://www.dimokratianews.gr;novartis;1;2019-09-20 00:21:41;
269;https://www.dimokratianews.gr;F-16;0;2019-09-20 00:21:41;
270;https://www.dimokratianews.gr;Mirage;0;2019-09-20 00:21:41;
271;https://www.coca-cola.gr;VAR;0;2019-09-20 00:21:41;
272;https://www.coca-cola.gr;novartis;0;2019-09-20 00:21:41;
273;https://www.coca-cola.gr;F-16;0;2019-09-20 00:21:41;
274;https://www.coca-cola.gr;Mirage;0;2019-09-20 00:21:41;
275;https://www.tiobe.com;Νετανιάχου;0;2019-09-20 00:39:31;
276;https://www.tiobe.com;Λοβέρδος;0;2019-09-20 00:39:32;
277;https://www.tiobe.com;Τριντό;0;2019-09-20 00:39:32;
278;https://www.tiobe.com;ΑΟΖ;0;2019-09-20 00:39:32;
279;http://www.sport-fm.gr;Νετανιάχου;0;2019-09-20 00:39:32;
280;http://www.sport-fm.gr;Λοβέρδος;0;2019-09-20 00:39:32;
281;http://www.sport-fm.gr;Τριντό;0;2019-09-20 00:39:33;
282;http://www.sport-fm.gr;ΑΟΖ;0;2019-09-20 00:39:33;
283;https://mikromeseos.gr/;Νετανιάχου;0;2019-09-20 00:39:33;
284;https://mikromeseos.gr/;Λοβέρδος;0;2019-09-20 00:39:33;
285;https://mikromeseos.gr/;Τριντό;1;2019-09-20 00:39:33;
286;https://mikromeseos.gr/;ΑΟΖ;0;2019-09-20 00:39:33;
287;https://www.ptisidiastima.com;Νετανιάχου;0;2019-09-20 00:39:33;
288;https://www.ptisidiastima.com;Λοβέρδος;0;2019-09-20 00:39:34;
289;https://www.ptisidiastima.com;Τριντό;0;2019-09-20 00:39:34;
290;https://www.ptisidiastima.com;ΑΟΖ;1;2019-09-20 00:39:34;
291;https://www.kathimerini.gr;Νετανιάχου;0;2019-09-20 00:39:34;
292;https://www.kathimerini.gr;Λοβέρδος;0;2019-09-20 00:39:34;
293;https://www.kathimerini.gr;Τριντό;1;2019-09-20 00:39:34;
294;https://www.kathimerini.gr;ΑΟΖ;0;2019-09-20 00:39:35;
295;https://www.in.gr/;Νετανιάχου;0;2019-09-20 00:39:35;
296;https://www.in.gr/;Λοβέρδος;1;2019-09-20 00:39:35;
297;https://www.in.gr/;Τριντό;1;2019-09-20 00:39:35;
298;https://www.in.gr/;ΑΟΖ;0;2019-09-20 00:39:36;
299;https://www.ethnos.gr;Νετανιάχου;0;2019-09-20 00:39:36;
300;https://www.ethnos.gr;Λοβέρδος;0;2019-09-20 00:39:36;
301;https://www.ethnos.gr;Τριντό;2;2019-09-20 00:39:36;
302;https://www.ethnos.gr;ΑΟΖ;1;2019-09-20 00:39:36;
303;https://www.dimokratianews.gr;Νετανιάχου;0;2019-09-20 00:39:36;
304;https://www.dimokratianews.gr;Λοβέρδος;1;2019-09-20 00:39:36;
305;https://www.dimokratianews.gr;Τριντό;0;2019-09-20 00:39:36;
306;https://www.dimokratianews.gr;ΑΟΖ;0;2019-09-20 00:39:37;
307;https://www.cnn.gr/;Νετανιάχου;0;2019-09-20 00:39:37;
308;https://www.cnn.gr/;Λοβέρδος;0;2019-09-20 00:39:37;
309;https://www.cnn.gr/;Τριντό;0;2019-09-20 00:39:37;
310;https://www.cnn.gr/;ΑΟΖ;0;2019-09-20 00:39:37;
311;https://www.public.gr;Νετανιάχου;0;2019-09-20 00:39:37;
312;https://www.public.gr;Λοβέρδος;0;2019-09-20 00:39:37;
313;https://www.public.gr;Τριντό;0;2019-09-20 00:39:37;
314;https://www.public.gr;ΑΟΖ;0;2019-09-20 00:39:37;
315;http://www.rizospastis.gr;Νετανιάχου;0;2019-09-20 00:39:37;
316;http://www.rizospastis.gr;Λοβέρδος;0;2019-09-20 00:39:37;
317;http://www.rizospastis.gr;Τριντό;0;2019-09-20 00:39:37;
318;http://www.rizospastis.gr;ΑΟΖ;0;2019-09-20 00:39:38;
319;https://www.efsyn.gr;Νετανιάχου;2;2019-09-20 00:39:38;
320;https://www.efsyn.gr;Λοβέρδος;0;2019-09-20 00:39:38;
321;https://www.efsyn.gr;Τριντό;0;2019-09-20 00:39:38;
322;https://www.efsyn.gr;ΑΟΖ;4;2019-09-20 00:39:38;
323;https://thepressproject.gr;Νετανιάχου;0;2019-09-20 00:39:38;
324;https://thepressproject.gr;Λοβέρδος;0;2019-09-20 00:39:38;
325;https://thepressproject.gr;Τριντό;0;2019-09-20 00:39:38;
326;https://thepressproject.gr;ΑΟΖ;0;2019-09-20 00:39:38;
327;https://www.dummies.com;Νετανιάχου;0;2019-09-20 00:39:38;
328;https://www.dummies.com;Λοβέρδος;0;2019-09-20 00:39:38;
329;https://www.dummies.com;Τριντό;0;2019-09-20 00:39:39;
330;https://www.dummies.com;ΑΟΖ;0;2019-09-20 00:39:39;
331;https://www.coca-cola.gr;Νετανιάχου;0;2019-09-20 00:39:39;
332;https://www.coca-cola.gr;Λοβέρδος;0;2019-09-20 00:39:39;
333;https://www.coca-cola.gr;Τριντό;0;2019-09-20 00:39:39;
334;https://www.coca-cola.gr;ΑΟΖ;0;2019-09-20 00:39:39;
335;https://www.tiobe.com;ΗΠΑ;0;2019-09-20 01:21:26;
336;https://www.tiobe.com;ΝΔ;0;2019-09-20 01:21:26;
337;http://www.sport-fm.gr;ΗΠΑ;0;2019-09-20 01:21:27;
338;http://www.sport-fm.gr;ΝΔ;0;2019-09-20 01:21:27;
339;http://www.rizospastis.gr;ΗΠΑ;3;2019-09-20 01:21:27;
340;http://www.rizospastis.gr;ΝΔ;6;2019-09-20 01:21:27;
341;https://mikromeseos.gr/;ΗΠΑ;0;2019-09-20 01:21:28;
342;https://mikromeseos.gr/;ΝΔ;0;2019-09-20 01:21:28;
343;https://www.in.gr/;ΗΠΑ;2;2019-09-20 01:21:28;
344;https://www.in.gr/;ΝΔ;1;2019-09-20 01:21:28;
345;https://www.efsyn.gr;ΗΠΑ;5;2019-09-20 01:21:28;
346;https://www.efsyn.gr;ΝΔ;0;2019-09-20 01:21:28;
347;https://www.ethnos.gr;ΗΠΑ;1;2019-09-20 01:21:28;
348;https://www.ethnos.gr;ΝΔ;6;2019-09-20 01:21:29;
349;https://www.public.gr;ΗΠΑ;0;2019-09-20 01:21:29;
350;https://www.public.gr;ΝΔ;0;2019-09-20 01:21:29;
351;https://www.cnn.gr/;ΗΠΑ;1;2019-09-20 01:21:29;
352;https://www.cnn.gr/;ΝΔ;1;2019-09-20 01:21:29;
353;https://www.kathimerini.gr;ΗΠΑ;7;2019-09-20 01:21:30;
354;https://www.kathimerini.gr;ΝΔ;2;2019-09-20 01:21:30;
355;https://www.ptisidiastima.com;ΗΠΑ;15;2019-09-20 01:21:30;
356;https://www.ptisidiastima.com;ΝΔ;0;2019-09-20 01:21:30;
357;https://thepressproject.gr;ΗΠΑ;0;2019-09-20 01:21:30;
358;https://thepressproject.gr;ΝΔ;0;2019-09-20 01:21:30;
359;https://www.dummies.com;ΗΠΑ;0;2019-09-20 01:21:31;
360;https://www.dummies.com;ΝΔ;0;2019-09-20 01:21:31;
361;https://www.coca-cola.gr;ΗΠΑ;0;2019-09-20 01:21:31;
362;https://www.coca-cola.gr;ΝΔ;0;2019-09-20 01:21:31;
363;https://www.dimokratianews.gr;ΗΠΑ;0;2019-09-20 01:21:31;
364;https://www.dimokratianews.gr;ΝΔ;2;2019-09-20 01:21:31;
365;https://www.tiobe.com;Ελλάδα;0;2019-09-20 01:22:36;
366;http://www.rizospastis.gr;Ελλάδα;2;2019-09-20 01:22:36;
367;https://www.coca-cola.gr;Ελλάδα;3;2019-09-20 01:22:36;
368;https://www.cnn.gr/;Ελλάδα;10;2019-09-20 01:22:36;
369;https://www.kathimerini.gr;Ελλάδα;3;2019-09-20 01:22:37;
370;https://www.ethnos.gr;Ελλάδα;20;2019-09-20 01:22:37;
371;https://www.public.gr;Ελλάδα;2;2019-09-20 01:22:37;
372;https://www.efsyn.gr;Ελλάδα;2;2019-09-20 01:22:38;
373;https://mikromeseos.gr/;Ελλάδα;2;2019-09-20 01:22:38;
374;http://www.sport-fm.gr;Ελλάδα;11;2019-09-20 01:22:38;
375;https://www.ptisidiastima.com;Ελλάδα;4;2019-09-20 01:22:38;
376;https://thepressproject.gr;Ελλάδα;0;2019-09-20 01:22:39;
377;https://www.dimokratianews.gr;Ελλάδα;1;2019-09-20 01:22:39;
378;https://www.in.gr/;Ελλάδα;9;2019-09-20 01:22:39;
379;https://www.dummies.com;Ελλάδα;0;2019-09-20 01:22:39;
380;http://www.rizospastis.gr;ΗΠΑ;3;2019-09-20 01:27:48;
381;http://www.rizospastis.gr;Ιράν;0;2019-09-20 01:27:48;
382;http://www.rizospastis.gr;Συρία;0;2019-09-20 01:27:48;
383;http://www.rizospastis.gr;Κίνα;0;2019-09-20 01:27:48;
384;http://www.rizospastis.gr;Κορέα;0;2019-09-20 01:27:48;
385;https://www.public.gr;ΗΠΑ;0;2019-09-20 01:27:49;
386;https://www.public.gr;Ιράν;0;2019-09-20 01:27:49;
387;https://www.public.gr;Συρία;0;2019-09-20 01:27:49;
388;https://www.public.gr;Κίνα;0;2019-09-20 01:27:49;
389;https://www.public.gr;Κορέα;0;2019-09-20 01:27:49;
390;https://www.coca-cola.gr;ΗΠΑ;0;2019-09-20 01:27:49;
391;https://www.coca-cola.gr;Ιράν;0;2019-09-20 01:27:49;
392;https://www.coca-cola.gr;Συρία;0;2019-09-20 01:27:49;
393;https://www.coca-cola.gr;Κίνα;0;2019-09-20 01:27:50;
394;https://www.coca-cola.gr;Κορέα;0;2019-09-20 01:27:50;
395;https://www.tiobe.com;ΗΠΑ;0;2019-09-20 01:27:50;
396;https://www.tiobe.com;Ιράν;0;2019-09-20 01:27:50;
397;https://www.tiobe.com;Συρία;0;2019-09-20 01:27:50;
398;https://www.tiobe.com;Κίνα;0;2019-09-20 01:27:50;
399;https://www.tiobe.com;Κορέα;0;2019-09-20 01:27:51;
400;https://www.ethnos.gr;ΗΠΑ;1;2019-09-20 01:27:51;
401;https://www.ethnos.gr;Ιράν;0;2019-09-20 01:27:51;
402;https://www.ethnos.gr;Συρία;0;2019-09-20 01:27:51;
403;https://www.ethnos.gr;Κίνα;2;2019-09-20 01:27:51;
404;https://www.ethnos.gr;Κορέα;0;2019-09-20 01:27:52;
405;https://www.efsyn.gr;ΗΠΑ;5;2019-09-20 01:27:52;
406;https://www.efsyn.gr;Ιράν;5;2019-09-20 01:27:52;
407;https://www.efsyn.gr;Συρία;0;2019-09-20 01:27:52;
408;https://www.efsyn.gr;Κίνα;0;2019-09-20 01:27:52;
409;https://www.efsyn.gr;Κορέα;0;2019-09-20 01:27:52;
410;https://mikromeseos.gr/;ΗΠΑ;0;2019-09-20 01:27:53;
411;https://mikromeseos.gr/;Ιράν;0;2019-09-20 01:27:53;
412;https://mikromeseos.gr/;Συρία;0;2019-09-20 01:27:53;
413;https://mikromeseos.gr/;Κίνα;0;2019-09-20 01:27:53;
414;https://mikromeseos.gr/;Κορέα;0;2019-09-20 01:27:53;
415;https://www.cnn.gr/;ΗΠΑ;1;2019-09-20 01:27:53;
416;https://www.cnn.gr/;Ιράν;1;2019-09-20 01:27:53;
417;https://www.cnn.gr/;Συρία;0;2019-09-20 01:27:54;
418;https://www.cnn.gr/;Κίνα;0;2019-09-20 01:27:54;
419;https://www.cnn.gr/;Κορέα;0;2019-09-20 01:27:54;
420;https://www.kathimerini.gr;ΗΠΑ;7;2019-09-20 01:27:54;
421;https://www.kathimerini.gr;Ιράν;0;2019-09-20 01:27:54;
422;https://www.kathimerini.gr;Συρία;0;2019-09-20 01:27:54;
423;https://www.kathimerini.gr;Κίνα;0;2019-09-20 01:27:54;
424;https://www.kathimerini.gr;Κορέα;0;2019-09-20 01:27:54;
425;https://www.ptisidiastima.com;ΗΠΑ;15;2019-09-20 01:27:54;
426;https://www.ptisidiastima.com;Ιράν;1;2019-09-20 01:27:55;
427;https://www.ptisidiastima.com;Συρία;8;2019-09-20 01:27:55;
428;https://www.ptisidiastima.com;Κίνα;0;2019-09-20 01:27:56;
429;https://www.ptisidiastima.com;Κορέα;0;2019-09-20 01:27:56;
430;https://www.dummies.com;ΗΠΑ;0;2019-09-20 01:27:56;
431;https://www.dummies.com;Ιράν;0;2019-09-20 01:27:56;
432;https://www.dummies.com;Συρία;0;2019-09-20 01:27:56;
433;https://www.dummies.com;Κίνα;0;2019-09-20 01:27:56;
434;https://www.dummies.com;Κορέα;0;2019-09-20 01:27:56;
435;https://www.in.gr/;ΗΠΑ;2;2019-09-20 01:27:56;
436;https://www.in.gr/;Ιράν;2;2019-09-20 01:27:57;
437;https://www.in.gr/;Συρία;0;2019-09-20 01:27:57;
438;https://www.in.gr/;Κίνα;1;2019-09-20 01:27:57;
439;https://www.in.gr/;Κορέα;0;2019-09-20 01:27:57;
440;https://www.dimokratianews.gr;ΗΠΑ;0;2019-09-20 01:27:57;
441;https://www.dimokratianews.gr;Ιράν;0;2019-09-20 01:27:57;
442;https://www.dimokratianews.gr;Συρία;0;2019-09-20 01:27:58;
443;https://www.dimokratianews.gr;Κίνα;0;2019-09-20 01:27:58;
444;https://www.dimokratianews.gr;Κορέα;1;2019-09-20 01:27:58;
445;http://www.sport-fm.gr;ΗΠΑ;0;2019-09-20 01:27:58;
446;http://www.sport-fm.gr;Ιράν;0;2019-09-20 01:27:58;
447;http://www.sport-fm.gr;Συρία;0;2019-09-20 01:27:58;
448;http://www.sport-fm.gr;Κίνα;1;2019-09-20 01:27:58;
449;http://www.sport-fm.gr;Κορέα;0;2019-09-20 01:27:59;
450;https://thepressproject.gr;ΗΠΑ;0;2019-09-20 01:27:59;
451;https://thepressproject.gr;Ιράν;0;2019-09-20 01:27:59;
452;https://thepressproject.gr;Συρία;0;2019-09-20 01:27:59;
453;https://thepressproject.gr;Κίνα;0;2019-09-20 01:27:59;
454;https://thepressproject.gr;Κορέα;0;2019-09-20 01:27:59;
455;https://www.tiobe.com;novartis;0;2019-09-20 01:40:48;
456;https://www.tiobe.com;F-16;0;2019-09-20 01:40:49;
457;http://www.sport-fm.gr;novartis;1;2019-09-20 01:40:49;
458;http://www.sport-fm.gr;F-16;0;2019-09-20 01:40:49;
459;https://www.coca-cola.gr;novartis;0;2019-09-20 01:40:49;
460;https://www.coca-cola.gr;F-16;0;2019-09-20 01:40:49;
461;https://www.public.gr;novartis;0;2019-09-20 01:40:49;
462;https://www.public.gr;F-16;0;2019-09-20 01:40:49;
463;https://www.cnn.gr/;novartis;3;2019-09-20 01:40:49;
464;https://www.cnn.gr/;F-16;0;2019-09-20 01:40:50;
465;https://www.ptisidiastima.com;novartis;0;2019-09-20 01:40:50;
466;https://www.ptisidiastima.com;F-16;12;2019-09-20 01:40:50;
467;https://www.ethnos.gr;novartis;4;2019-09-20 01:40:50;
468;https://www.ethnos.gr;F-16;0;2019-09-20 01:40:51;
469;https://www.in.gr/;novartis;3;2019-09-20 01:40:51;
470;https://www.in.gr/;F-16;0;2019-09-20 01:40:51;
471;https://www.efsyn.gr;novartis;7;2019-09-20 01:40:51;
472;https://www.efsyn.gr;F-16;0;2019-09-20 01:40:52;
473;http://www.rizospastis.gr;novartis;0;2019-09-20 01:40:52;
474;http://www.rizospastis.gr;F-16;0;2019-09-20 01:40:52;
475;https://www.kathimerini.gr;novartis;4;2019-09-20 01:40:52;
476;https://www.kathimerini.gr;F-16;0;2019-09-20 01:40:52;
477;https://thepressproject.gr;novartis;0;2019-09-20 01:40:52;
478;https://thepressproject.gr;F-16;0;2019-09-20 01:40:52;
479;https://mikromeseos.gr/;novartis;0;2019-09-20 01:40:52;
480;https://mikromeseos.gr/;F-16;0;2019-09-20 01:40:52;
481;https://www.dummies.com;novartis;0;2019-09-20 01:40:53;
482;https://www.dummies.com;F-16;0;2019-09-20 01:40:53;
483;https://www.dimokratianews.gr;novartis;1;2019-09-20 01:40:53;
484;https://www.dimokratianews.gr;F-16;0;2019-09-20 01:40:53;
485;https://www.tiobe.com;ΗΠΑ;0;2019-09-20 01:51:12;
486;https://www.tiobe.com;Συρία;0;2019-09-20 01:51:12;
487;https://www.tiobe.com;Ιράν;0;2019-09-20 01:51:12;
488;https://www.tiobe.com;Ιράκ;0;2019-09-20 01:51:13;
489;https://www.tiobe.com;Τουρκία;0;2019-09-20 01:51:13;
490;http://www.sport-fm.gr;ΗΠΑ;0;2019-09-20 01:51:13;
491;http://www.sport-fm.gr;Συρία;0;2019-09-20 01:51:13;
492;http://www.sport-fm.gr;Ιράν;0;2019-09-20 01:51:13;
493;http://www.sport-fm.gr;Ιράκ;0;2019-09-20 01:51:14;
494;http://www.sport-fm.gr;Τουρκία;0;2019-09-20 01:51:14;
495;https://www.coca-cola.gr;ΗΠΑ;0;2019-09-20 01:51:14;
496;https://www.coca-cola.gr;Συρία;0;2019-09-20 01:51:14;
497;https://www.coca-cola.gr;Ιράν;0;2019-09-20 01:51:14;
498;https://www.coca-cola.gr;Ιράκ;0;2019-09-20 01:51:14;
499;https://www.coca-cola.gr;Τουρκία;0;2019-09-20 01:51:14;
500;https://www.public.gr;ΗΠΑ;0;2019-09-20 01:51:14;
501;https://www.public.gr;Συρία;0;2019-09-20 01:51:15;
502;https://www.public.gr;Ιράν;0;2019-09-20 01:51:15;
503;https://www.public.gr;Ιράκ;0;2019-09-20 01:51:15;
504;https://www.public.gr;Τουρκία;0;2019-09-20 01:51:15;
505;https://www.efsyn.gr;ΗΠΑ;5;2019-09-20 01:51:15;
506;https://www.efsyn.gr;Συρία;0;2019-09-20 01:51:15;
507;https://www.efsyn.gr;Ιράν;5;2019-09-20 01:51:15;
508;https://www.efsyn.gr;Ιράκ;0;2019-09-20 01:51:16;
509;https://www.efsyn.gr;Τουρκία;0;2019-09-20 01:51:16;
510;https://www.in.gr/;ΗΠΑ;2;2019-09-20 01:51:16;
511;https://www.in.gr/;Συρία;0;2019-09-20 01:51:16;
512;https://www.in.gr/;Ιράν;2;2019-09-20 01:51:16;
513;https://www.in.gr/;Ιράκ;0;2019-09-20 01:51:17;
514;https://www.in.gr/;Τουρκία;4;2019-09-20 01:51:17;
515;http://www.rizospastis.gr;ΗΠΑ;3;2019-09-20 01:51:17;
516;http://www.rizospastis.gr;Συρία;0;2019-09-20 01:51:17;
517;http://www.rizospastis.gr;Ιράν;0;2019-09-20 01:51:17;
518;http://www.rizospastis.gr;Ιράκ;0;2019-09-20 01:51:18;
519;http://www.rizospastis.gr;Τουρκία;0;2019-09-20 01:51:18;
520;https://www.dimokratianews.gr;ΗΠΑ;0;2019-09-20 01:51:18;
521;https://www.dimokratianews.gr;Συρία;0;2019-09-20 01:51:18;
522;https://www.dimokratianews.gr;Ιράν;0;2019-09-20 01:51:18;
523;https://www.dimokratianews.gr;Ιράκ;0;2019-09-20 01:51:18;
524;https://www.dimokratianews.gr;Τουρκία;0;2019-09-20 01:51:18;
525;https://www.ptisidiastima.com;ΗΠΑ;15;2019-09-20 01:51:18;
526;https://www.ptisidiastima.com;Συρία;8;2019-09-20 01:51:19;
527;https://www.ptisidiastima.com;Ιράν;1;2019-09-20 01:51:19;
528;https://www.ptisidiastima.com;Ιράκ;0;2019-09-20 01:51:19;
529;https://www.ptisidiastima.com;Τουρκία;5;2019-09-20 01:51:19;
530;https://thepressproject.gr;ΗΠΑ;0;2019-09-20 01:51:20;
531;https://thepressproject.gr;Συρία;0;2019-09-20 01:51:20;
532;https://thepressproject.gr;Ιράν;0;2019-09-20 01:51:20;
533;https://thepressproject.gr;Ιράκ;0;2019-09-20 01:51:20;
534;https://thepressproject.gr;Τουρκία;0;2019-09-20 01:51:20;
535;https://www.dummies.com;ΗΠΑ;0;2019-09-20 01:51:20;
536;https://www.dummies.com;Συρία;0;2019-09-20 01:51:20;
537;https://www.dummies.com;Ιράν;0;2019-09-20 01:51:21;
538;https://www.dummies.com;Ιράκ;0;2019-09-20 01:51:21;
539;https://www.dummies.com;Τουρκία;0;2019-09-20 01:51:21;
540;https://www.kathimerini.gr;ΗΠΑ;7;2019-09-20 01:51:21;
541;https://www.kathimerini.gr;Συρία;0;2019-09-20 01:51:21;
542;https://www.kathimerini.gr;Ιράν;0;2019-09-20 01:51:22;
543;https://www.kathimerini.gr;Ιράκ;0;2019-09-20 01:51:22;
544;https://www.kathimerini.gr;Τουρκία;0;2019-09-20 01:51:22;
545;https://mikromeseos.gr/;ΗΠΑ;0;2019-09-20 01:51:22;
546;https://mikromeseos.gr/;Συρία;0;2019-09-20 01:51:22;
547;https://mikromeseos.gr/;Ιράν;0;2019-09-20 01:51:22;
548;https://mikromeseos.gr/;Ιράκ;0;2019-09-20 01:51:22;
549;https://mikromeseos.gr/;Τουρκία;0;2019-09-20 01:51:22;
550;https://www.cnn.gr/;ΗΠΑ;1;2019-09-20 01:51:22;
551;https://www.cnn.gr/;Συρία;0;2019-09-20 01:51:23;
552;https://www.cnn.gr/;Ιράν;1;2019-09-20 01:51:23;
553;https://www.cnn.gr/;Ιράκ;0;2019-09-20 01:51:23;
554;https://www.cnn.gr/;Τουρκία;1;2019-09-20 01:51:23;
555;https://www.ethnos.gr;ΗΠΑ;1;2019-09-20 01:51:24;
556;https://www.ethnos.gr;Συρία;0;2019-09-20 01:51:24;
557;https://www.ethnos.gr;Ιράν;0;2019-09-20 01:51:24;
558;https://www.ethnos.gr;Ιράκ;0;2019-09-20 01:51:24;
559;https://www.ethnos.gr;Τουρκία;5;2019-09-20 01:51:24;
560;https://www.coca-cola.gr;novartis;0;2019-09-20 01:53:31;
561;https://www.coca-cola.gr;Brexit;0;2019-09-20 01:53:31;
562;https://www.public.gr;novartis;0;2019-09-20 01:53:31;
563;https://www.public.gr;Brexit;0;2019-09-20 01:53:32;
564;https://www.ethnos.gr;novartis;4;2019-09-20 01:53:32;
565;https://www.ethnos.gr;Brexit;0;2019-09-20 01:53:32;
566;http://www.rizospastis.gr;novartis;0;2019-09-20 01:53:32;
567;http://www.rizospastis.gr;Brexit;0;2019-09-20 01:53:32;
568;https://www.cnn.gr/;novartis;3;2019-09-20 01:53:32;
569;https://www.cnn.gr/;Brexit;1;2019-09-20 01:53:32;
570;https://www.tiobe.com;novartis;0;2019-09-20 01:53:33;
571;https://www.tiobe.com;Brexit;0;2019-09-20 01:53:33;
572;https://www.kathimerini.gr;novartis;4;2019-09-20 01:53:33;
573;https://www.kathimerini.gr;Brexit;3;2019-09-20 01:53:33;
574;https://www.ptisidiastima.com;novartis;0;2019-09-20 01:53:33;
575;https://www.ptisidiastima.com;Brexit;0;2019-09-20 01:53:33;
576;https://www.efsyn.gr;novartis;7;2019-09-20 01:53:34;
577;https://www.efsyn.gr;Brexit;4;2019-09-20 01:53:34;
578;https://mikromeseos.gr/;novartis;0;2019-09-20 01:53:34;
579;https://mikromeseos.gr/;Brexit;0;2019-09-20 01:53:34;
580;https://www.dimokratianews.gr;novartis;1;2019-09-20 01:53:35;
581;https://www.dimokratianews.gr;Brexit;0;2019-09-20 01:53:35;
582;https://www.in.gr/;novartis;3;2019-09-20 01:53:35;
583;https://www.in.gr/;Brexit;2;2019-09-20 01:53:35;
584;https://www.dummies.com;novartis;0;2019-09-20 01:53:35;
585;https://www.dummies.com;Brexit;0;2019-09-20 01:53:35;
586;https://thepressproject.gr;novartis;0;2019-09-20 01:53:36;
587;https://thepressproject.gr;Brexit;0;2019-09-20 01:53:36;
588;http://www.sport-fm.gr;novartis;1;2019-09-20 01:53:36;
589;http://www.sport-fm.gr;Brexit;0;2019-09-20 01:53:36;
590;https://www.public.gr;Λοβέρδος;0;2019-09-20 01:54:06;
591;http://www.rizospastis.gr;Λοβέρδος;0;2019-09-20 01:54:06;
592;https://www.ethnos.gr;Λοβέρδος;0;2019-09-20 01:54:06;
593;https://www.tiobe.com;Λοβέρδος;0;2019-09-20 01:54:06;
594;https://www.coca-cola.gr;Λοβέρδος;0;2019-09-20 01:54:06;
595;https://www.in.gr/;Λοβέρδος;1;2019-09-20 01:54:07;
596;https://www.kathimerini.gr;Λοβέρδος;0;2019-09-20 01:54:07;
597;https://mikromeseos.gr/;Λοβέρδος;0;2019-09-20 01:54:07;
598;https://www.efsyn.gr;Λοβέρδος;0;2019-09-20 01:54:07;
599;https://www.ptisidiastima.com;Λοβέρδος;0;2019-09-20 01:54:07;
600;https://www.cnn.gr/;Λοβέρδος;0;2019-09-20 01:54:08;
601;https://www.dimokratianews.gr;Λοβέρδος;1;2019-09-20 01:54:08;
602;https://www.dummies.com;Λοβέρδος;0;2019-09-20 01:54:08;
603;https://thepressproject.gr;Λοβέρδος;0;2019-09-20 01:54:08;
604;http://www.sport-fm.gr;Λοβέρδος;0;2019-09-20 01:54:08;
605;http://www.sport-fm.gr;προσφυγικό;0;2019-10-04 11:57:37;
606;https://www.public.gr;προσφυγικό;0;2019-10-04 11:57:38;
607;https://www.ethnos.gr;προσφυγικό;2;2019-10-04 11:57:38;
608;https://www.in.gr/;προσφυγικό;2;2019-10-04 11:57:39;
609;https://www.efsyn.gr;προσφυγικό;11;2019-10-04 11:57:39;
610;https://www.ptisidiastima.com;προσφυγικό;0;2019-10-04 11:57:40;
611;http://www.rizospastis.gr;προσφυγικό;0;2019-10-04 11:57:40;
612;https://www.dummies.com;προσφυγικό;0;2019-10-04 11:57:40;
613;https://www.kathimerini.gr;προσφυγικό;2;2019-10-04 11:57:40;
614;https://www.coca-cola.gr;προσφυγικό;0;2019-10-04 11:57:40;
615;https://www.cnn.gr/;προσφυγικό;1;2019-10-04 11:57:41;
616;https://www.tiobe.com;προσφυγικό;0;2019-10-04 11:57:41;
617;https://thepressproject.gr;προσφυγικό;0;2019-10-04 11:57:41;
618;https://www.dimokratianews.gr;προσφυγικό;0;2019-10-04 11:57:42;
619;https://mikromeseos.gr/;προσφυγικό;0;2019-10-04 11:57:42;
