id;url;keyword;count;Date
1;https://www.cnn.gr/;cnn;124;2019-04-15 01:01:57;
2;https://www.cnn.gr/;apple;3;2019-04-15 01:01:57;
3;https://www.cnn.gr/;cnn;173;2019-04-15 01:42:33;
4;https://www.cnn.gr/;cnn;171;2019-04-18 19:46:48;
5;https://www.in.gr/;novartis;5;2019-04-18 21:44:20;
6;https://www.cnn.gr/;novartis;0;2019-04-18 21:44:21;
7;https://mikromeseos.gr/;novartis;0;2019-04-18 21:44:23;
8;http://example.com;novartis;0;2019-04-18 21:44:23;
9;http://stackoverflow.com;novartis;0;2019-04-18 21:44:25;
10;https://www.in.gr/;novartis;5;2019-04-18 21:45:05;
11;https://www.cnn.gr/;novartis;0;2019-04-18 21:45:06;
12;https://mikromeseos.gr/;novartis;0;2019-04-18 21:45:06;
13;http://example.com;novartis;0;2019-04-18 21:45:07;
14;http://stackoverflow.com;novartis;0;2019-04-18 21:45:08;
15;https://www.in.gr/;novartis;5;2019-04-18 21:54:51;
16;https://www.cnn.gr/;novartis;0;2019-04-18 21:55:21;
17;https://mikromeseos.gr/;novartis;0;2019-04-18 21:56:15;
18;http://example.com;novartis;0;2019-04-18 21:56:25;
19;http://stackoverflow.com;novartis;0;2019-04-18 21:56:30;
20;https://www.in.gr/;novartis;5;2019-04-18 22:18:26;
21;https://www.cnn.gr/;novartis;0;2019-04-18 22:18:27;
22;https://mikromeseos.gr/;novartis;0;2019-04-18 22:18:28;
23;http://example.com;novartis;0;2019-04-18 22:18:28;
24;http://stackoverflow.com;novartis;0;2019-04-18 22:18:29;
25;https://www.in.gr/;osfp;0;2019-04-18 22:20:43;
26;https://www.cnn.gr/;osfp;0;2019-04-18 22:20:44;
27;https://mikromeseos.gr/;osfp;0;2019-04-18 22:20:44;
28;http://example.com;osfp;0;2019-04-18 22:20:45;
29;http://stackoverflow.com;osfp;0;2019-04-18 22:20:46;
30;https://www.in.gr/;mitsotakis;2;2019-04-18 22:22:44;
31;https://www.cnn.gr/;mitsotakis;1;2019-04-18 22:22:45;
32;https://mikromeseos.gr/;mitsotakis;0;2019-04-18 22:22:45;
33;http://example.com;mitsotakis;0;2019-04-18 22:22:46;
34;http://stackoverflow.com;mitsotakis;0;2019-04-18 22:22:47;
35;https://www.in.gr/;novartis;5;2019-04-18 22:36:09;
36;https://www.cnn.gr/;novartis;0;2019-04-18 22:36:10;
37;https://mikromeseos.gr/;novartis;0;2019-04-18 22:36:10;
38;http://example.com;novartis;0;2019-04-18 22:36:11;
39;http://stackoverflow.com;novartis;0;2019-04-18 22:36:12;
40;https://www.in.gr/;novartis;5;2019-04-18 22:38:03;
41;https://www.cnn.gr/;novartis;0;2019-04-18 22:38:04;
42;https://mikromeseos.gr/;novartis;0;2019-04-18 22:38:04;
43;http://example.com;novartis;0;2019-04-18 22:38:05;
44;http://stackoverflow.com;novartis;0;2019-04-18 22:38:06;
45;https://www.in.gr/;novartis;5;2019-04-18 22:45:36;
46;https://www.cnn.gr/;novartis;0;2019-04-18 22:45:37;
47;https://mikromeseos.gr/;novartis;0;2019-04-18 22:45:38;
48;http://example.com;novartis;0;2019-04-18 22:45:38;
49;http://stackoverflow.com;novartis;0;2019-04-18 22:45:39;
50;https://www.in.gr/;novartis;5;2019-04-18 22:47:46;
51;https://www.cnn.gr/;novartis;0;2019-04-18 22:47:46;
52;https://mikromeseos.gr/;novartis;0;2019-04-18 22:47:47;
53;http://example.com;novartis;0;2019-04-18 22:47:47;
54;http://stackoverflow.com;novartis;0;2019-04-18 22:47:49;
55;https://www.in.gr/;novartis;5;2019-04-19 01:41:38;
56;https://www.cnn.gr/;novartis;0;2019-04-19 01:41:39;
57;https://mikromeseos.gr/;novartis;0;2019-04-19 01:41:39;
58;http://example.com;novartis;0;2019-04-19 01:41:40;
59;http://stackoverflow.com;novartis;0;2019-04-19 01:41:41;
60;https://www.in.gr/;novartis;5;2019-04-19 01:42:42;
61;https://www.cnn.gr/;novartis;0;2019-04-19 01:42:42;
62;https://mikromeseos.gr/;novartis;0;2019-04-19 01:42:43;
63;http://example.com;novartis;0;2019-04-19 01:42:43;
64;http://stackoverflow.com;novartis;0;2019-04-19 01:42:44;
65;https://www.in.gr/;novartis;5;2019-04-19 01:57:10;
66;https://www.cnn.gr/;novartis;0;2019-04-19 01:57:11;
67;https://mikromeseos.gr/;novartis;0;2019-04-19 01:57:13;
68;http://example.com;novartis;0;2019-04-19 01:57:13;
69;http://stackoverflow.com;novartis;0;2019-04-19 01:57:15;
70;https://www.in.gr/;novartis;5;2019-04-19 01:58:40;
71;https://www.cnn.gr/;novartis;0;2019-04-19 01:58:41;
72;https://mikromeseos.gr/;novartis;0;2019-04-19 01:58:42;
73;http://example.com;novartis;0;2019-04-19 01:58:43;
74;http://stackoverflow.com;novartis;0;2019-04-19 01:58:45;
75;https://www.in.gr/;novartis;5;2019-04-19 02:02:57;
76;https://www.cnn.gr/;novartis;0;2019-04-19 02:02:58;
77;https://mikromeseos.gr/;novartis;0;2019-04-19 02:02:59;
78;http://example.com;novartis;0;2019-04-19 02:03:00;
79;http://stackoverflow.com;novartis;0;2019-04-19 02:03:02;
80;https://www.in.gr/;novartis;5;2019-04-19 02:07:57;
81;https://www.cnn.gr/;novartis;0;2019-04-19 02:07:58;
82;https://mikromeseos.gr/;novartis;0;2019-04-19 02:08:00;
83;http://example.com;novartis;0;2019-04-19 02:08:00;
84;http://stackoverflow.com;novartis;0;2019-04-19 02:08:02;
85;https://www.in.gr/;novartis;5;2019-04-19 02:09:01;
86;https://www.cnn.gr/;novartis;0;2019-04-19 02:09:02;
87;https://mikromeseos.gr/;novartis;0;2019-04-19 02:09:03;
88;http://example.com;novartis;0;2019-04-19 02:09:04;
89;http://stackoverflow.com;novartis;0;2019-04-19 02:09:05;
90;https://fb.com;novartis;0;2019-04-19 02:09:07;
91;https://www.public.gr;novartis;0;2019-04-19 02:09:07;
92;https://www.efsyn.gr;novartis;0;2019-04-19 02:09:09;
93;https://www.in.gr/;marinakis;12;2019-04-19 02:41:08;
94;https://www.cnn.gr/;marinakis;0;2019-04-19 02:41:10;
95;https://mikromeseos.gr/;marinakis;0;2019-04-19 02:41:11;
96;http://example.com;marinakis;0;2019-04-19 02:41:12;
97;https://www.in.gr/;marinakis;12;2019-04-19 02:42:22;
98;https://www.cnn.gr/;marinakis;0;2019-04-19 02:42:24;
99;https://mikromeseos.gr/;marinakis;0;2019-04-19 02:42:25;
100;http://example.com;marinakis;0;2019-04-19 02:42:25;
101;http://stackoverflow.com;marinakis;0;2019-04-19 02:42:27;
102;https://fb.com;marinakis;0;2019-04-19 02:42:29;
103;https://www.public.gr;marinakis;0;2019-04-19 02:42:29;
104;https://www.efsyn.gr;marinakis;5;2019-04-19 02:42:31;
105;https://www.in.gr/;marinakis;12;2019-04-19 03:30:11;
106;https://www.cnn.gr/;marinakis;0;2019-04-19 03:30:13;
107;https://mikromeseos.gr/;marinakis;0;2019-04-19 03:30:14;
108;http://example.com;marinakis;0;2019-04-19 03:30:14;
109;http://stackoverflow.com;marinakis;0;2019-04-19 03:30:16;
110;https://fb.com;marinakis;0;2019-04-19 03:30:18;
111;https://www.public.gr;marinakis;0;2019-04-19 03:30:18;
112;https://www.public.gr;marinakis;0;2019-04-19 03:31:38;
113;https://www.in.gr/;marinakis;12;2019-04-19 03:35:20;
114;https://www.cnn.gr/;marinakis;0;2019-04-19 03:35:21;
115;https://mikromeseos.gr/;marinakis;0;2019-04-19 03:35:22;
116;http://example.com;marinakis;0;2019-04-19 03:35:23;
117;http://stackoverflow.com;marinakis;0;2019-04-19 03:35:25;
118;https://fb.com;marinakis;0;2019-04-19 03:35:26;
119;https://www.public.gr;marinakis;0;2019-04-19 03:35:27;
120;https://www.efsyn.gr;marinakis;5;2019-04-19 03:35:29;
121;https://www.in.gr/;marinakis;12;2019-04-19 03:42:56;
122;https://www.cnn.gr/;marinakis;0;2019-04-19 03:42:57;
123;https://mikromeseos.gr/;marinakis;0;2019-04-19 03:42:59;
124;http://example.com;marinakis;0;2019-04-19 03:42:59;
125;http://stackoverflow.com;marinakis;0;2019-04-19 03:43:01;
126;https://www.in.gr/;marinakis;12;2019-04-19 03:46:40;
127;https://www.cnn.gr/;marinakis;0;2019-04-19 03:46:41;
128;https://mikromeseos.gr/;marinakis;0;2019-04-19 03:46:41;
129;http://example.com;marinakis;0;2019-04-19 03:46:42;
130;http://stackoverflow.com;marinakis;0;2019-04-19 03:46:43;
131;https://fb.com;marinakis;0;2019-04-19 03:46:44;
132;https://www.public.gr;marinakis;0;2019-04-19 03:46:45;
133;https://www.efsyn.gr;marinakis;5;2019-04-19 03:46:46;
134;https://www.in.gr/;kotzias;0;2019-04-19 23:04:59;
135;https://www.in.gr/;novartis;5;2019-04-19 23:05:00;
136;https://www.in.gr/;marinakis;6;2019-04-19 23:05:00;
137;https://www.cnn.gr/;kotzias;0;2019-04-19 23:05:01;
138;https://www.cnn.gr/;novartis;0;2019-04-19 23:05:01;
139;https://www.cnn.gr/;marinakis;0;2019-04-19 23:05:01;
140;https://mikromeseos.gr/;kotzias;0;2019-04-19 23:05:02;
141;https://mikromeseos.gr/;novartis;0;2019-04-19 23:05:03;
142;https://mikromeseos.gr/;marinakis;0;2019-04-19 23:05:03;
143;http://example.com;kotzias;0;2019-04-19 23:05:03;
144;http://example.com;novartis;0;2019-04-19 23:05:03;
145;http://example.com;marinakis;0;2019-04-19 23:05:04;
146;http://stackoverflow.com;kotzias;0;2019-04-19 23:05:05;
147;http://stackoverflow.com;novartis;0;2019-04-19 23:05:05;
148;http://stackoverflow.com;marinakis;0;2019-04-19 23:05:05;
149;https://fb.com;kotzias;0;2019-04-19 23:05:06;
150;https://fb.com;novartis;0;2019-04-19 23:05:06;
151;https://fb.com;marinakis;0;2019-04-19 23:05:07;
152;https://www.public.gr;kotzias;0;2019-04-19 23:05:07;
153;https://www.public.gr;novartis;0;2019-04-19 23:05:07;
154;https://www.public.gr;marinakis;0;2019-04-19 23:05:07;
155;https://www.efsyn.gr;kotzias;1;2019-04-19 23:05:08;
156;https://www.efsyn.gr;novartis;1;2019-04-19 23:05:09;
157;https://www.efsyn.gr;marinakis;1;2019-04-19 23:05:09;
158;https://www.in.gr/;novartis;5;2019-04-19 23:10:50;
159;https://www.in.gr/;marinakis;6;2019-04-19 23:10:50;
160;https://www.cnn.gr/;novartis;0;2019-04-19 23:10:51;
161;https://www.cnn.gr/;marinakis;0;2019-04-19 23:10:52;
162;https://mikromeseos.gr/;novartis;0;2019-04-19 23:10:52;
163;https://mikromeseos.gr/;marinakis;0;2019-04-19 23:10:53;
164;http://example.com;novartis;0;2019-04-19 23:10:53;
165;http://example.com;marinakis;0;2019-04-19 23:10:53;
166;http://stackoverflow.com;novartis;0;2019-04-19 23:10:56;
167;http://stackoverflow.com;marinakis;0;2019-04-19 23:10:57;
168;https://fb.com;novartis;0;2019-04-19 23:10:58;
169;https://fb.com;marinakis;0;2019-04-19 23:10:58;
170;https://www.public.gr;novartis;0;2019-04-19 23:10:58;
171;https://www.public.gr;marinakis;0;2019-04-19 23:10:59;
172;https://www.efsyn.gr;novartis;1;2019-04-19 23:11:00;
173;https://www.efsyn.gr;marinakis;1;2019-04-19 23:11:00;
174;https://www.in.gr/;real;7;2019-04-20 01:10:22;
175;https://www.cnn.gr/;real;3;2019-04-20 01:10:23;
176;https://mikromeseos.gr/;real;0;2019-04-20 01:10:24;
177;http://example.com;real;0;2019-04-20 01:10:24;
178;http://stackoverflow.com;real;7;2019-04-20 01:10:25;
179;https://fb.com;real;0;2019-04-20 01:10:27;
180;https://www.public.gr;real;6;2019-04-20 01:10:27;
181;https://www.efsyn.gr;real;2;2019-04-20 01:10:28;
182;http://www.kathimerini.gr;real;0;2019-04-20 01:10:28;
183;https://www.in.gr/;akar;13;2019-04-20 11:17:42;
184;https://www.cnn.gr/;akar;3;2019-04-20 11:17:43;
185;https://mikromeseos.gr/;akar;0;2019-04-20 11:17:44;
186;http://example.com;akar;0;2019-04-20 11:17:44;
187;http://stackoverflow.com;akar;0;2019-04-20 11:17:45;
188;https://fb.com;akar;0;2019-04-20 11:17:46;
189;https://www.public.gr;akar;0;2019-04-20 11:17:47;
190;https://www.efsyn.gr;akar;4;2019-04-20 11:17:48;
191;http://www.kathimerini.gr;akar;6;2019-04-20 11:17:48;
192;http://example.com;tsipras;0;2019-05-13 01:11:05;
193;http://www.kathimerini.gr;tsipras;11;2019-05-13 01:11:05;
194;https://www.public.gr;tsipras;0;2019-05-13 01:11:06;
195;https://www.efsyn.gr;tsipras;4;2019-05-13 01:11:06;
196;https://www.in.gr/;tsipras;8;2019-05-13 01:11:06;
197;https://mikromeseos.gr/;tsipras;0;2019-05-13 01:11:07;
198;https://fb.com;tsipras;0;2019-05-13 01:11:07;
199;http://stackoverflow.com;tsipras;0;2019-05-13 01:11:07;
200;https://www.cnn.gr/;tsipras;3;2019-05-13 01:11:07;
201;http://example.com;mitsotakis;0;2019-05-13 01:16:47;
202;http://www.kathimerini.gr;mitsotakis;2;2019-05-13 01:16:47;
203;https://www.public.gr;mitsotakis;0;2019-05-13 01:16:47;
204;https://www.cnn.gr/;mitsotakis;3;2019-05-13 01:16:48;
205;https://www.efsyn.gr;mitsotakis;6;2019-05-13 01:16:48;
206;https://fb.com;mitsotakis;0;2019-05-13 01:16:48;
207;http://stackoverflow.com;mitsotakis;0;2019-05-13 01:16:48;
208;https://www.in.gr/;mitsotakis;5;2019-05-13 01:16:48;
209;https://mikromeseos.gr/;mitsotakis;0;2019-05-13 01:16:58;
210;http://example.com;arta;0;2019-05-13 01:26:05;
211;http://www.kathimerini.gr;arta;0;2019-05-13 01:26:05;
212;https://www.public.gr;arta;0;2019-05-13 01:26:05;
213;https://www.cnn.gr/;arta;0;2019-05-13 01:26:06;
214;https://mikromeseos.gr/;arta;0;2019-05-13 01:26:06;
215;https://www.in.gr/;arta;0;2019-05-13 01:26:06;
216;https://fb.com;arta;0;2019-05-13 01:26:06;
217;https://www.efsyn.gr;arta;0;2019-05-13 01:26:06;
218;http://stackoverflow.com;arta;0;2019-05-13 01:26:06;
219;http://example.com;preveza;0;2019-05-13 01:30:05;
220;http://www.kathimerini.gr;preveza;0;2019-05-13 01:30:06;
221;https://www.public.gr;preveza;0;2019-05-13 01:30:06;
222;https://www.cnn.gr/;preveza;0;2019-05-13 01:30:06;
223;https://www.efsyn.gr;preveza;0;2019-05-13 01:30:06;
224;http://stackoverflow.com;preveza;0;2019-05-13 01:30:06;
225;https://fb.com;preveza;0;2019-05-13 01:30:06;
226;https://www.in.gr/;preveza;0;2019-05-13 01:30:07;
227;https://mikromeseos.gr/;preveza;0;2019-05-13 01:30:07;
228;http://example.com;tsitsipas;0;2019-05-13 01:39:55;
229;http://www.kathimerini.gr;tsitsipas;1;2019-05-13 01:39:55;
230;https://www.public.gr;tsitsipas;0;2019-05-13 01:39:55;
231;https://mikromeseos.gr/;tsitsipas;13;2019-05-13 01:39:55;
232;https://www.cnn.gr/;tsitsipas;3;2019-05-13 01:39:55;
233;https://www.in.gr/;tsitsipas;0;2019-05-13 01:39:55;
234;https://www.efsyn.gr;tsitsipas;4;2019-05-13 01:39:56;
235;http://stackoverflow.com;tsitsipas;0;2019-05-13 01:39:56;
236;https://fb.com;tsitsipas;0;2019-05-13 01:39:56;
237;http://example.com;Νικηταρά;0;2019-05-13 01:45:12;
238;http://example.com;αστυνομικός;0;2019-05-13 01:45:12;
239;https://www.public.gr;Νικηταρά;0;2019-05-13 01:45:12;
240;https://www.public.gr;αστυνομικός;0;2019-05-13 01:45:13;
241;https://mikromeseos.gr/;Νικηταρά;0;2019-05-13 01:45:13;
242;https://mikromeseos.gr/;αστυνομικός;0;2019-05-13 01:45:13;
243;https://www.in.gr/;Νικηταρά;0;2019-05-13 01:45:13;
244;https://www.in.gr/;αστυνομικός;3;2019-05-13 01:45:13;
245;https://www.cnn.gr/;Νικηταρά;0;2019-05-13 01:45:13;
246;https://www.cnn.gr/;αστυνομικός;0;2019-05-13 01:45:13;
247;https://www.efsyn.gr;Νικηταρά;1;2019-05-13 01:45:13;
248;https://www.efsyn.gr;αστυνομικός;7;2019-05-13 01:45:13;
249;https://fb.com;Νικηταρά;0;2019-05-13 01:45:13;
250;https://fb.com;αστυνομικός;0;2019-05-13 01:45:13;
251;http://www.kathimerini.gr;Νικηταρά;0;2019-05-13 01:45:13;
252;http://www.kathimerini.gr;αστυνομικός;3;2019-05-13 01:45:13;
253;http://stackoverflow.com;Νικηταρά;0;2019-05-13 01:45:14;
254;http://stackoverflow.com;αστυνομικός;0;2019-05-13 01:45:14;
255;http://example.com;ΗΠΑ;0;2019-09-11 21:34:05;
256;https://www.ethnos.gr;ΗΠΑ;3;2019-09-11 21:34:05;
257;https://www.public.gr;ΗΠΑ;0;2019-09-11 21:34:05;
258;https://mikromeseos.gr/;ΗΠΑ;0;2019-09-11 21:34:05;
259;https://fb.com;ΗΠΑ;0;2019-09-11 21:34:06;
260;https://www.dummies.com;ΗΠΑ;0;2019-09-11 21:34:05;
261;https://www.cnn.gr/;ΗΠΑ;5;2019-09-11 21:34:06;
262;http://stackoverflow.com;ΗΠΑ;0;2019-09-11 21:34:05;
263;https://www.efsyn.gr;ΗΠΑ;0;2019-09-11 21:34:05;
264;https://www.in.gr/;ΗΠΑ;2;2019-09-11 21:34:07;
265;https://www.kathimerini.gr;ΗΠΑ;2;2019-09-11 21:34:07;
266;http://example.com;Λέρο;0;2019-09-11 21:44:50;
267;https://www.cnn.gr/;Λέρο;4;2019-09-11 21:44:50;
268;https://www.kathimerini.gr;Λέρο;1;2019-09-11 21:44:51;
269;https://www.public.gr;Λέρο;0;2019-09-11 21:44:51;
270;https://fb.com;Λέρο;0;2019-09-11 21:44:51;
271;http://stackoverflow.com;Λέρο;0;2019-09-11 21:44:51;
272;https://mikromeseos.gr/;Λέρο;0;2019-09-11 21:44:51;
273;https://www.dummies.com;Λέρο;0;2019-09-11 21:44:51;
274;https://www.ethnos.gr;Λέρο;2;2019-09-11 21:44:52;
275;https://www.in.gr/;Λέρο;2;2019-09-11 21:44:52;
276;https://www.efsyn.gr;Λέρο;3;2019-09-11 21:44:52;
277;http://example.com;Ζακ;0;2019-09-11 22:07:49;
278;https://www.kathimerini.gr;Ζακ;0;2019-09-11 22:07:49;
279;https://www.efsyn.gr;Ζακ;4;2019-09-11 22:07:50;
280;https://www.public.gr;Ζακ;0;2019-09-11 22:07:50;
281;https://www.cnn.gr/;Ζακ;1;2019-09-11 22:07:50;
282;https://fb.com;Ζακ;0;2019-09-11 22:07:50;
283;https://www.dummies.com;Ζακ;0;2019-09-11 22:07:50;
284;http://stackoverflow.com;Ζακ;0;2019-09-11 22:07:50;
285;https://www.in.gr/;Ζακ;1;2019-09-11 22:07:50;
286;https://mikromeseos.gr/;Ζακ;0;2019-09-11 22:07:50;
287;https://www.ethnos.gr;Ζακ;0;2019-09-11 22:07:50;
